dailyVolumeToken0,dailyVolumeToken1,dailyVolumeUSD,date,reserve0,reserve1,reserveUSD
78016781.434856275659229955,620271.857852062945138248,230235457.4306964390720143428758454,2020-09-17 00:00:00,4063488.251671232728384044,36416.374218383038637901,28211560.17098808844234332255614586
43725117.992875724880005096,646212.876613584467817883,245968364.1387020264951894918816267,2020-09-18 00:00:00,3336947.859207200457092353,59602.366596643948831818,45347547.80992474442529852520587808
21549959.948055026787075521,359535.04497816976592556,137215085.2756935071148508737324525,2020-09-19 00:00:00,4705048.946216544310290384,69308.816888183342438544,53088911.27136662570754383315131106
15831385.652001473089365019,224529.49183893360160496,84117457.83722967297784160594257533,2020-09-20 00:00:00,4871853.868054340899705584,68885.389532333785576446,50835868.97038243582265432740274409
12412737.610431125659847144,163512.142813941307421101,57718155.39804646912329750878445,2020-09-21 00:00:00,5442326.763337115343898143,67987.933641747796186786,46383085.96697439608102674283884507
10830678.252666724850562214,128177.513740853755375798,43652248.05189381179914430624689776,2020-09-22 00:00:00,5675882.380269277119252258,64522.910556611679515223,44195865.32271642568941089093971856
13756812.982982029987591823,185060.899177051601168231,61945209.88093268391156049985057069,2020-09-23 00:00:00,4948080.201292684194765101,67621.084628522481006479,43127658.84842354199615562576492869
7458338.603354980517146534,109565.860662856185407512,36480522.95548837264364057633732994,2020-09-24 00:00:00,4771277.285589153044218779,69911.956778999083168845,48810658.41880180488187010855613815
5668178.841475078525100908,83965.756815447708380874,29025601.98131263371139726170955391,2020-09-25 00:00:00,5037011.294129140149690991,70266.664836511887396471,49394123.49690097837798594598119499
3887615.825253985601868057,53445.574390616141384918,18773593.53819004937896289110938318,2020-09-26 00:00:00,5010649.048084023877659739,68497.320072448884105458,48382619.08064176738721985691566335
3291753.197605212793574136,45135.37867138452255672,16010758.5225307641929922431866564,2020-09-27 00:00:00,5067123.260664878396939336,68312.700379666210216438,48486190.54857982690623112031492506
3663793.950112578390113792,46406.385017321984839896,16664231.17259889824720272545643021,2020-09-28 00:00:00,5108859.443293243895057969,61032.128196808412861673,43133014.70240131778532225361546307
2983903.490386311962573347,35550.969560033136886135,12563185.05032058235352729208569788,2020-09-29 00:00:00,4761671.231926660570762716,57603.859910172484694382,41259870.87445911618111897693157413
3180854.723185458460552885,36609.897818403409613012,12983140.59856249498379471642858486,2020-09-30 00:00:00,4958144.77204391485314689,57110.231650485995551415,40972043.93397364490390895713812273
6017753.213283879689104068,71463.754815084654291595,25334536.41605535216194584005832081,2020-10-01 00:00:00,5839348.926542290054662682,70486.080970060343286394,49495323.3731106166858726309192528
4213160.138947484908316176,48011.264130021419771714,16414392.73639945858156271269235352,2020-10-02 00:00:00,6168280.074601044683527552,69199.879219840715486534,47651316.47630716295251621145588519
2649298.086352343303617129,30032.339012987817580664,10414835.04358502632833862941289673,2020-10-03 00:00:00,6186439.126622028237905243,69353.645186277827642352,48058756.77552982101949674358836762
3241911.627947646509237146,34921.980661965325947934,12121713.93394075779380333811094034,2020-10-04 00:00:00,6295413.445439741705372877,66641.978495777482257774,46788142.18300289526820106624311462
6425710.125820835235316987,62479.854818331437754489,21909227.01965850972363567574554838,2020-10-05 00:00:00,6573853.016745871414325897,61678.959363174533710038,43409150.13247607069292594947563298
7813411.104829979123536598,67199.659950510527771726,23309297.65809530652250726419142849,2020-10-06 00:00:00,7044797.373340530308021248,56127.576975084587478107,37958937.8312605053828972032985145
8867583.300721993768910187,71453.208408700748155237,24169088.60753564924707425921793881,2020-10-07 00:00:00,7141427.21698866248911217,61803.742671604157969454,42100586.321190494383112480050125
5624690.876621171215375975,50102.52492886838347335,17222924.96258169722929208878087631,2020-10-08 00:00:00,6915761.971431582213032006,66471.965054485653631453,46544257.99361767288771588829748964
6147904.833937838496509336,57939.564810693949916062,20793167.28574236001921083885041631,2020-10-09 00:00:00,7800630.812412029308354839,72409.094144710139593502,52768854.40720261517145127294790474
3290069.993024946264312381,30190.534865200798264779,11250699.089735144350748488110022,2020-10-10 00:00:00,8029857.179477239236985134,71099.87053642614936979,52685299.68919234931193990365327989
2736837.783412162191647576,24549.646207008313836901,9144048.627830385606034833487199327,2020-10-11 00:00:00,7871051.406431224184858672,70801.786992340898033408,52775962.57635520981502694130192355
2995080.337165889811968302,27124.717989636409916238,10316132.07143921964263152639636896,2020-10-12 00:00:00,7814636.955994798907047331,69595.345947441472868743,53816023.28913767043516170944147672
1800392.630979201623610814,16020.358874229774651314,6098549.10761029544822994100620684,2020-10-13 00:00:00,7875770.934011421517162987,69382.701158579139747951,52828583.0075688600351612953362396
2807781.357753231421503842,23620.905569785053442577,8917365.353120859501875059658421961,2020-10-14 00:00:00,8040543.121888409740158209,66053.576288718058003505,49831116.38181720854661706966280306
3035895.571574624362927692,24758.582454315759476935,9304900.435867090763825003537361695,2020-10-15 00:00:00,8016503.18340633969020061,65807.339338200651123068,49652872.2367454034945710548142819
3941324.276474911082785118,33598.22731377799173277,12375122.49977973471546595616525989,2020-10-16 00:00:00,7776209.34672573764501152,64870.999344215434555689,47364650.85204707847009825878353315
1733891.833356878112945464,14475.063939898248234864,5296051.153038806867572638595346738,2020-10-17 00:00:00,7640219.591013801875946015,63602.948188263737641183,46634687.66142249835494553033165427
2144444.262083603122384088,18203.115023005083339094,6787555.630994218203732108038223617,2020-10-18 00:00:00,7390152.61849578809215429,63863.771762100117283902,48066354.15227783095242253488359188
1813136.027785547298949981,15317.771973631315334802,5778680.197982809685776703870143153,2020-10-19 00:00:00,7558232.437753404049503464,62997.341188248960993991,47654560.42993899146168040405940076
2605378.673646046412647512,20662.221434357731013004,7677323.608442943890556673235753181,2020-10-20 00:00:00,7806087.773396314521319477,60309.266692381385894949,44364182.57713439060647169348497833
2427744.204877552149954089,18779.979070379573448193,7162646.447232363993756071345525414,2020-10-21 00:00:00,7910934.880818177146424669,59128.073355447147059152,46282325.65964983470407864834930239
2272956.043496302760424577,16909.193007777838381282,6883800.661372475923402746088332141,2020-10-22 00:00:00,7931962.939736100247813937,58128.305520018560271193,48081032.61194806055900326441699453
2313433.053333468752647995,17054.678618631738333778,7037603.164643083627836572860411266,2020-10-23 00:00:00,8290931.764998538308811408,60906.766602637489260948,49688757.72189129311590362325149819
1236759.506304710725044458,8987.652614996769100875,3696168.918670643738471507132212386,2020-10-24 00:00:00,8301565.095340764937816643,59384.388672790263405217,48765337.00297074772986380067784335
2103826.371855038014762302,14748.784869340776781059,6020749.174460880806790413806176245,2020-10-25 00:00:00,8352441.315048517728679699,57004.281287794092393818,46221237.20798897689668399069700099
2114156.766522166889730366,14402.250901200816764656,5713940.481663550517764426377809926,2020-10-26 00:00:00,8367927.769734110586162943,57836.13257686128064337,45465508.51966499520010515079625612
2410658.315311756318690201,16936.09667738209721902,6768807.73356125844219411693469601,2020-10-27 00:00:00,8247704.018163028185098681,57542.243484918410350701,46421244.9658762289607627709701379
2023591.717349680355341524,13894.739391442894405403,5450830.19948963390948039640198457,2020-10-28 00:00:00,8181207.271910293225284393,56118.509158404719119575,43490266.73730536721939737960346881
1878713.015732966242219369,12571.966233234393572321,4870879.739346629916933508874337518,2020-10-29 00:00:00,8198118.191844221713718396,53774.136989264907449865,41422293.48976299849638174360513748
4799455.389113708466148863,29697.103630202646334219,11359428.69043701324766754350905612,2020-10-30 00:00:00,8348344.590218258790251346,52540.670538550723418873,40285696.64278101913382312776979965
2090580.799618750845324223,12700.082056032174539167,4901696.44875149788346253550878321,2020-10-31 00:00:00,8528018.026282401215532421,50006.954102598342252223,38594718.78739109782204662015645973
2336885.182198642147029667,14015.992005493228558073,5462527.272370055652674114570117832,2020-11-01 00:00:00,8387986.170014351477476396,50250.826025634655400001,39638936.31001847849645400603493754
1327866.687130718679603794,7894.370872373056549133,3090308.419653255675461187682342578,2020-11-02 00:00:00,8430904.136172726147752672,49731.16139244661971353,38047343.68438896552500517461245824
2667494.514609144100593651,15017.990856956789897879,5681775.430930708607083174076400686,2020-11-03 00:00:00,8752175.904384649822281879,48084.258808145389920045,37236506.17626320195419189370777055
2943233.685837901915778531,15067.852644074883277845,5845510.831827567679284909108056309,2020-11-04 00:00:00,9274088.469678576842226419,44634.335235289044932554,35781815.1081297246111978116209135
8141215.452556220490665819,41632.721641830909082144,16999585.85411865558496268272821013,2020-11-05 00:00:00,8777474.05318838185850592,46289.585406693728492319,38393895.88798800035076371352592483
6120696.61382086503078703,34567.907240741756576855,15092707.26261596022990909643868179,2020-11-06 00:00:00,8743483.447886614855716788,49197.083016472409277279,44772400.0796570831786905804978522
7886084.210488810630752363,47762.357451273657053168,21719106.81838237120529504165668421,2020-11-07 00:00:00,8721174.558487375120113002,49543.767119327468829577,43172115.83531851637119887076013059
2823873.940105885278744668,17083.740449148077113124,7617596.939257114365045629765444009,2020-11-08 00:00:00,8510175.681884111039645474,53650.495185016607473754,48781931.00027710674660324927122083
2590217.422423715516960571,15581.149277789359501198,6962475.405812177200185335241351951,2020-11-09 00:00:00,8409642.755494362799030879,50514.788819348636543962,44788141.90010573724977076585941173
4734587.161458271335101029,30848.959838220786257275,13811742.85854640775977159265003646,2020-11-10 00:00:00,8274269.023843843086543457,56332.028038144964212927,50730495.18436521915645564773939056
3352836.192858610466219192,22265.666072817664787543,10296011.61222159355867096369903751,2020-11-11 00:00:00,8679509.886189082125256975,54557.117116851749250971,50604597.6108107298749764602740759
2690975.147216092761733052,17407.628678358476543208,7979296.643952554211846778835758055,2020-11-12 00:00:00,8559715.808211951934219136,55000.11638903205426599,50829157.3514005642992925529251731
7160990.820875014846311706,53649.171051961722663714,25136080.52432526918408650692872085,2020-11-13 00:00:00,7900661.916898035518271101,64377.308246784124540324,61205363.45614975149770784311368771
6794397.484481743950002955,54982.482100002369923787,25447154.156896875963600072352327,2020-11-14 00:00:00,8160513.689801332859702573,67187.143211517545078042,61947040.75398930851691662717509466
6051478.002389453886130851,52800.322985344801451063,23940340.20485840044480463319273923,2020-11-15 00:00:00,7701001.215504963257771887,66174.970267046973511414,59281926.75453022709770109579833637
6559325.17842629086984724,51430.759578784002443109,23464263.17640553116098670406307942,2020-11-16 00:00:00,7879424.05323195963782802,61229.534201957050939846,56563599.70845397458035539969083465
4681673.011713608093161449,36235.010720252586402091,17002285.1376367192033421502419391,2020-11-17 00:00:00,7833859.291950557742478055,61725.373580624413601901,59562445.67648436053711634520855614
3453747.093889078502441722,25294.12534751908587943,12044498.272633531532411281268106,2020-11-18 00:00:00,7709723.079031319770607266,55664.413496542677416041,53349100.17680909941718628825957286
4926101.292194132751015358,37571.01785625167930008,17807439.57620360360964700651664594,2020-11-19 00:00:00,7713385.13670060062523054,60923.433121987582169969,57223739.59149168136188696743804621
4356692.144962391154641495,34220.11111844878456653,16916678.97914632726677356105034515,2020-11-20 00:00:00,8125579.926254513252407432,61240.792897252207619655,62214794.49345020407772079930827488
2703044.894603201848661809,19532.695482704461086238,10151404.09995726261697990758666654,2020-11-21 00:00:00,8397751.551149751633254525,58363.259057137835189257,64313771.91251638253995953765269437
2379125.848339480126889067,16056.795878781810104642,8792844.483152873959819022012016922,2020-11-22 00:00:00,8815351.539345657863209675,57944.606558614234469044,64771050.52249641729602094748374442
3018708.151245646350653666,20055.067868003801598304,11894719.86910977315437155380969627,2020-11-23 00:00:00,8599956.142338680040766546,58843.955162371684728213,71463252.42956812302737696328538339
5098236.869984558741791682,34970.991444157450160532,21281253.11887454256926787663119034,2020-11-24 00:00:00,8842033.253288774712033159,59309.797700002395865595,71529024.69281068974606825665757025
2534636.106137202857754827,16925.077224539342261472,9940850.73805100412870186600532607,2020-11-25 00:00:00,8959145.849941589980077118,58108.299234625590235914,66197469.17856875746075088506391181
5541909.966692307288628817,35171.366851778578930997,18089924.8533451245207515201360478,2020-11-26 00:00:00,8406259.19761465883406935,55197.27939787146406485,57180431.887607788303803318344382
2131588.461287150517440519,13893.795753126268540338,7149961.926901096583374892368689253,2020-11-27 00:00:00,8552838.846067694100924111,54790.323981111317931835,56621367.81766462274752872807909882
1538924.983205607369065533,8927.803644482704646069,4714336.475774036742570027154938858,2020-11-28 00:00:00,9024589.57900538414322556,58091.231329045045209668,62429115.09650446702162247025047354
1103311.642151421761242462,6933.170957146131049144,3818905.124967609179149789715750307,2020-11-29 00:00:00,9194146.218237417970353706,56834.441962774286168192,65123232.97275085891384238270750326
2020135.755205021716775502,12527.581161740060308534,7397448.583041903022787828865875425,2020-11-30 00:00:00,9100982.136875126276589654,55823.276052914701287834,68718459.23292363715560660029277198
2419449.255264917225857406,14953.789430002289405873,9030921.523920057603510274712580492,2020-12-01 00:00:00,8533902.24359775152982107,51645.171983956722554777,60615387.32180405143567050891668717
2999928.353402174607809009,19732.290097388399154346,11690142.8967061261403810169929245,2020-12-02 00:00:00,8616413.977919139652559102,57010.199352903021192215,68215097.39004573672589929045175065
1398289.789606427776446499,9068.227857789763135795,5478600.506993168709788199920804445,2020-12-03 00:00:00,8657218.727231847704231069,54518.796172960984388572,67301692.04949801754062887052640893
1064681.98583491482477832,6647.706785337589252762,3955332.778913982714366915661010678,2020-12-04 00:00:00,8171782.690397037477734165,50571.703782811036321288,57685696.32492416432366996762022245
1035813.67979768691579312,6340.153025909639759015,3710079.5037242472770869475189201,2020-12-05 00:00:00,8246978.388924009702846353,50857.311418789480480036,60526871.17047929564878360060952394
1051999.938169031641344751,6389.075822404532119927,3800002.952399350415743738208954325,2020-12-06 00:00:00,8331536.154889663503782058,50311.091717866641794233,60470410.43329783477171566715139738
1245174.829446357527499722,7782.586741288565655465,4611826.063381729203352620908746576,2020-12-07 00:00:00,8109714.599200853755564516,51395.505045568689929823,60642330.40315754014848931644914738
1552011.688499900956018423,9464.128008944342463432,5426514.097842282013456130648695137,2020-12-08 00:00:00,8296361.137858116282480857,49166.852174924779347256,54409065.74697877656159867082571663
1627975.753188881348597466,9576.552923145146827692,5308578.620171845439613568942992948,2020-12-09 00:00:00,7846068.721557515289914786,45939.336625742449049865,52758364.69557974282900966442619494
1224877.46878983988668558,7083.720740323600233381,3979266.555798772958016531483554192,2020-12-10 00:00:00,7830601.192196505530144322,45347.154709222426857975,50675063.56833931481438345446862714
2037554.529322412672614397,11187.313400736763731083,6090296.699679857382643087223376855,2020-12-11 00:00:00,8118257.25662546153455408,44199.765472623314745319,48226234.41513146497862158528694573
853124.833713554857920394,4743.410214401061766099,2643072.466172969745162324762377691,2020-12-12 00:00:00,7994114.554929395363926395,43973.898779984384633279,49957042.26282798898363040386524012
742430.942740961744723167,4144.269444191005675261,2407205.592293261995943848679718999,2020-12-13 00:00:00,7807382.68517328194664492,44076.007447751223909888,51908177.18850360881221821060683333
943770.240412595328255558,5383.859155230460634665,3148868.508968583188666245032795008,2020-12-14 00:00:00,7603789.156171983526256422,45257.944145315958873976,53049828.42808143767998382197519153
1647998.446580975784520436,9494.305377401957091455,5581629.245367228051633370264942989,2020-12-15 00:00:00,7798269.854426040800791853,44204.86673022818912501,52009877.94211598240050812698746757
867154.443294861409635447,4852.063190224463506041,2948964.645978863397825968543108009,2020-12-16 00:00:00,7860170.610715474828008181,43548.774374060780128286,55397810.68657540151749027688385006
2447390.54667760407808259,14038.160573837057486433,9148047.899377028518466804219019014,2020-12-17 00:00:00,7875327.929796506420829524,45078.506413947310923478,57948363.72674452951804248671125402
1060066.561609150279657244,6091.619678225415394727,3934346.891391128118658512677096878,2020-12-18 00:00:00,7849012.759980633573531649,45264.170771845588268841,59036402.8830822427232670249741993
3893577.324655927871678875,24189.651410755438108521,15867499.92199901680503061704742576,2020-12-19 00:00:00,7734304.530512148953272294,46378.69357486538870499,61125844.16697942010358501314291049
1116675.884145466653117133,6706.389948096102676086,4343548.896822743037935194106894761,2020-12-20 00:00:00,7814787.940953557652744914,45919.986355131965645932,58569259.46493576627957804240109948
1659100.6010969403104261,9676.433053161319871193,6022389.93003945382301959742977177,2020-12-21 00:00:00,7810702.372215308300546008,45194.989663358569069188,55175636.98523591170588863727450647
2190349.144843242614201115,12547.424674455840055188,7688416.851122534992150164653130428,2020-12-22 00:00:00,7763277.723676858404288975,45642.084443255556697395,57919351.7998088350696110507514674
1811785.242360212399848175,10424.019507101245356814,6304004.826057931833919796944703827,2020-12-23 00:00:00,7902029.180341358970259011,44849.246554574920729613,52265063.58813104301603273406568803
1557743.471690670077394761,8812.37547284323330927,5146890.730764434624978132773098353,2020-12-24 00:00:00,7955618.087366651568817109,45575.302786035522272233,55794760.33394026814551482467397218
1122266.983333920372104671,6341.505602412183123328,3905063.898294317626430741283638646,2020-12-25 00:00:00,8025423.649829644491612436,44820.928302740177264298,56008036.63858258764194876164069592
1320561.725878217436276772,7224.257675784717723115,4583882.154828542423983456920202522,2020-12-26 00:00:00,8073951.99076609405542873,43209.514911362593149798,54816311.56154387817425544943311702
2234466.364606804851008465,12010.018302791641655864,7962837.459325771897176410839403534,2020-12-27 00:00:00,8168497.464319106972597022,43190.065952901230083784,59043935.94748822628218244812489093
2418818.79130677242435132,12593.086021858852472959,9154731.186809999842707577088770847,2020-12-28 00:00:00,8277134.489565056461641773,42322.511162864395192065,61783144.46986249800629837416099666
1947540.830662495523408851,9770.210188780313865074,7030550.586709788605461478108308686,2020-12-29 00:00:00,8283975.090430545421123698,41518.609467556015442422,60844442.5511869710466116043954947
3834744.542895862246474784,20876.157023327938244501,15387057.33426017902459236494694781,2020-12-30 00:00:00,8172226.606057370681480518,45130.832052384861069111,67770374.31038650514966389291829851
6728427.378524929268335693,42307.66408276892823821,31308427.73668172950346279199323441,2020-12-31 00:00:00,7679069.575761777383431041,53669.812220247784068706,79015179.8038653093857431271949264
4704102.459687936867423388,31548.988282292106693432,23217552.77355571239883735872962155,2021-01-01 00:00:00,8029379.719810730058468055,52206.503670803205643632,76162437.66238770529228814230335068
4847888.825362572197033125,30579.114850727463927794,23035741.44952891889724955451662275,2021-01-02 00:00:00,8223389.555900770284136379,51420.210213624309148854,79732574.50289462140543924065537634
3922224.777125671416910079,23081.673568417067599294,20029685.8488121708619011971280795,2021-01-03 00:00:00,8598956.179547830229292086,48251.654102873805731416,94169599.18635053843185745440128172
4808428.452362616074627301,26111.286011750035146631,26637549.42354243551369740731338882,2021-01-04 00:00:00,9142107.657093702330671602,47391.866235981418805,98567834.58370339412387116609175973
3683564.815158310714970691,20809.231955513341317574,22076515.0526677566777950828465242,2021-01-05 00:00:00,8633273.471526475588487075,49420.284566792178084286,108901861.9406262324052498261328697
2418716.015206333558718995,13371.898981825406782856,15206399.49016711209370388932852853,2021-01-06 00:00:00,8945563.208913390702752684,47481.462788301151323074,114837120.7697534460876449366015286
2304950.558438767872956022,11974.590540324481376327,14667131.63502848242997171782519387,2021-01-07 00:00:00,9099575.985503081394842647,46730.706820465899787918,114179652.3244544997382790947690453
2383040.815681239600386316,11901.400915737778433976,14298712.65906979014221887834338661,2021-01-08 00:00:00,9409624.789584240916551312,45524.541246420642609993,110973932.9804332548337038198177649
2194276.347453012822879078,10886.317071344617763004,13358393.99661744403375703697476786,2021-01-09 00:00:00,9334488.77023082687765792,45719.660874432037804001,117340889.0394615223085556926705838
2402248.608397641851390945,11417.484832671849533755,14843250.21456744538064920662148038,2021-01-10 00:00:00,9561036.961995387138483437,45347.009875198224073651,114386520.5729846167763209665091339
3566666.320728703927738263,17427.55871574044517753,18986758.81533949519651986814067753,2021-01-11 00:00:00,9476863.687419071578875635,45570.814714707884827832,99099059.78399239286936440851504082
2750980.61262025874746021,13942.645438218992462911,15201383.17623456803674078675171794,2021-01-12 00:00:00,8978152.339169169530495523,47878.504392706060057647,99676561.09581834116300068121318769
2539249.015465154482127414,13968.924462605016804666,14900801.15922789272340237158601943,2021-01-13 00:00:00,8564680.447469487757268771,48147.453967047563813128,108619217.4181910677525414925198452
3294086.606069631387221823,18540.502228228231087316,21590276.98684181233277775387762163,2021-01-14 00:00:00,8575198.096323160238070268,48073.289539055767888207,117739936.0774454763292194972922971
4279745.508829570820528201,25383.117692185721497111,30225464.98762175490538709126644666,2021-01-15 00:00:00,8041405.695384250472001454,50427.087926200440542319,117994291.8596717870757441145223842
4337068.713323438919938792,29084.540930418664420594,35956663.69078728556911816831479745,2021-01-16 00:00:00,7696732.725088771720254317,52505.944941645433547341,129399279.9737396858921308178255991
3813440.973111114058044245,26879.779985852585424618,33063648.2325860542401908309358192,2021-01-17 00:00:00,7654086.914480169302972477,53846.104120186290779117,132459043.2481380600729199310080615
3679450.498558677751568816,27364.688980424100391412,33518605.77828284287345557589874322,2021-01-18 00:00:00,7378101.295855392378225002,53842.085148832226751203,135248858.3830060855287336848165559
3007770.951716258987578772,20078.889673886452490486,27378038.01545588037114084860893264,2021-01-19 00:00:00,7952622.494052721435723657,50169.345254130290654389,138096543.0089940776192097683384562
2138803.060770597487951062,13466.31932770787470976,17815814.9114993264630565305667882,2021-01-20 00:00:00,7995622.682083598793939231,52262.106772618493825493,144188542.8210766156229889528307056
3290492.519345425079128185,21343.473354236380337757,26692108.25753178646831804319456181,2021-01-21 00:00:00,7747045.464460303733643563,52546.251100087816320151,117346290.2447254324833269405169099
2505464.712298740214002248,17458.961473812527026968,20598051.82858830969069865909125156,2021-01-22 00:00:00,7664088.01764929764210987,54222.222220773923376023,133914117.3853925362812483445331082
2066354.371424026295205574,15299.994601535131463385,19068637.91649717630394063064549674,2021-01-23 00:00:00,7310954.200509125595231363,55181.317147637355066558,135537971.0815739337570905878639472
4130964.296626974227607332,33552.938077326725911367,44280592.93422399624266756185986358,2021-01-24 00:00:00,6857925.029302388174364624,59103.286595264453159851,164857451.4342072763156545453856131
4898853.099067832503233262,41258.108221691237750663,57961991.93427822797958401327186589,2021-01-25 00:00:00,6936772.628690216428255081,59819.866506562257753986,158143835.1542311744925129568619283
5116490.215812597413994373,49328.261841081292568103,65363464.7526754620913072040194107,2021-01-26 00:00:00,6526410.929738616337577287,66324.913397857899775571,180667699.4162831028804482612799435
4236693.467769380611336118,47432.490209118526022572,60316591.08250261342318373763421253,2021-01-27 00:00:00,6055162.699747908033587666,71765.444709137669327088,179011898.6217120312709258860144726
3175647.998320088808972348,35033.436795863024360017,45969162.68169918664736367380444272,2021-01-28 00:00:00,6468498.762355432364798162,68761.247788921294443252,183336466.9665329957969686723645486
3691541.826256684784560277,40241.815462460512059908,54817424.87776398008995896157681804,2021-01-29 00:00:00,6279353.738383244469370217,71223.616202139619340159,197082089.4282725218153942585766618
4624817.765638958421896747,57855.581802716613800224,78905147.23779429286586343219351826,2021-01-30 00:00:00,5685739.711771192697702307,80424.898236923000150179,221520929.079529851098919670304766
4384473.70919360202707575,61600.359822638264023376,82802401.17739907654162925782255394,2021-01-31 00:00:00,5991737.299572498085228068,80322.364101994027423471,210972977.8950078576127390853065695
4551582.046322664781357283,65128.007690879829584776,86490935.19018387945071967102369624,2021-02-01 00:00:00,5790098.902575180457209013,86282.61960271876160002,236546135.0129577269032362143693424
4133599.88236090805756995,54992.07585886547758375,78502290.72273595442896049729467164,2021-02-02 00:00:00,6671219.705577330825222406,84008.377370815979770956,254346827.3947274407001623380660201
1487504.096432133439813886,18474.048725281442117289,29213768.68693013258004215964526349,2021-02-03 00:00:00,6616042.492918390021957709,78778.794016569837228764,262148390.1096331777258855647485744
2511704.615281772692698286,31563.099886470668204165,52053279.15158500122017878998750857,2021-02-04 00:00:00,6476118.199050798249071726,81204.258453818442651736,259309004.284678506726375890191877
1777256.626015172448473395,21973.30635856558360401,36950509.62984981225430609133389737,2021-02-05 00:00:00,6568052.663404685035617687,81097.794385027671786375,278742646.0062791964728594556889469
1573341.328201195684652481,18596.509628400696645932,31375522.65122575748083927100120211,2021-02-06 00:00:00,6888994.853301674199966543,79060.532204742740439516,265378762.1690037280861536649869918
1067372.002588969151252871,12222.499532928702280291,19620534.96005933795403481412203784,2021-02-07 00:00:00,7105626.249213342752977611,81819.004937935417100572,265017594.7459596746586558092918146
1281689.144968364137133735,14708.507043743465320009,24596794.15006366042394682499403315,2021-02-08 00:00:00,7071019.784944483675069772,78244.813298243432883643,273435390.8379636535782376554067635
874525.792166417394782709,9620.93668599467733646,16852284.0348234369109294183192903,2021-02-09 00:00:00,6933708.445090331682557268,76690.130715911790508502,271526952.519980123620853306867174
2408124.348557783316569864,28383.371107285362413181,50538310.58829267767095823530781631,2021-02-10 00:00:00,6684828.217173826584010901,79484.546293205430442166,277595557.8702381735624612972333619
946376.329309269409348685,11150.796784229351676845,19765219.3324933872460202399122811,2021-02-11 00:00:00,6602761.311158086826591711,79739.820155536151055119,284144136.8102092819490518883920469
1614737.50419493206317244,20401.958173672332149791,36371642.26519992036041875835093209,2021-02-12 00:00:00,6529878.238694845179415791,80732.216227120272056976,297135849.3080754367366127318115292
896671.147594527801130252,10945.226154250321184847,19889723.20355125241662333597750898,2021-02-13 00:00:00,6556911.286942795652094905,79092.627585283884959176,286437930.6359010942319476395739547
767362.462491544513845711,9146.301982974457309051,16663521.48509335521295190782220997,2021-02-14 00:00:00,6611589.857797258425050138,76796.643003853062608808,277456601.6947014340574857257250971
1939706.635347830172104868,21693.073152369844406914,38248794.87384340821795014820538336,2021-02-15 00:00:00,6678129.774928594832591553,75353.091648444368339043,267781409.5601875784141032636395335
1203446.294239652935197758,13867.84655923459555294,24699523.2369324989138186917973046,2021-02-16 00:00:00,6607149.627224918577156793,75724.258671284623021263,269301585.2519364090301010686241077
1076594.040543505895648484,12219.289809023725953802,22035862.81958046817054952943723013,2021-02-17 00:00:00,6522978.717998174787847635,76113.590716877236598405,280815675.7362572957961637614831598
914571.741257148610117788,10243.627547100589654133,19536756.25739665151934553050570295,2021-02-18 00:00:00,6728303.240443491422902708,73553.472689554736921529,284369458.5775774017563062939980807
1512226.251643343024306653,15820.85011557964055152,30648407.9214788547731355880864003,2021-02-19 00:00:00,6809905.298018412378571152,69407.697092789317290519,271805656.2222366688141779584403203
6315227.804206994175503721,85432.377590992671354353,169999567.7906842659906083033799251,2021-02-20 00:00:00,5081961.491275969409934375,76666.338763705541746148,293661978.1698695197683226336199828
2894992.971904547439013056,44743.958480644699683702,86800498.78703227520221894357193219,2021-02-21 00:00:00,5432916.802750233314224635,81156.142002570635727221,313018647.3380020960837080167403991
2547398.641620911568462065,37893.474002330046813066,67652846.08591856216436907144600457,2021-02-22 00:00:00,5339630.883538725191415185,82744.533696272968422191,294253277.7209842673832277022808174
4157415.673344384733839905,60455.487167912891333811,92776811.26038468627423731669252692,2021-02-23 00:00:00,5358899.421731288219781845,83828.10364118923126344,263169535.2102215942547330222943586
1538053.816137416602652574,24510.63952173823944223,39692685.20273348059493768870208231,2021-02-24 00:00:00,5368983.22119423093167899,83797.168475534763343238,271909129.6932603053201509979450173
1095547.555377413949435446,17316.147521468134293377,27748274.58889547273941582992285978,2021-02-25 00:00:00,5332163.289268208217136366,84724.979992473726948588,250644823.558707169909146259305308
1740724.113890032205374348,27152.329733183600941211,40497464.51029561046306170384294603,2021-02-26 00:00:00,5318255.714102702619636345,84606.232064297928788755,244016537.5635911181401874558379905
1113631.482924430928360735,17969.10131179069393048,26636236.45293062444122482461297472,2021-02-27 00:00:00,4670911.380465634065558815,74943.719992830892389533,219009795.745486426711690280555994
1437066.383654812901232008,22736.171138571367864258,31552773.96745233784405881039084673,2021-02-28 00:00:00,3143304.821342157365656721,49361.172721164605157344,139543191.5164064946706121620405024
1041421.008082434281066068,16450.208553038805301142,24767742.17354305302842689527393186,2021-03-01 00:00:00,3096564.203557050044326595,50415.813599183029823943,158064906.647975401811242822604808
1234138.785149659477647462,20828.967096218431844036,32354917.63870987830605354026329974,2021-03-02 00:00:00,3024672.518119150152680873,51863.99469195521672619,154712596.7088794962158998124513131
679947.468890860347943043,11387.077522983065219541,17998277.72500162274815621663386241,2021-03-03 00:00:00,3056332.082879748123662739,49314.64259240537954385,155540786.2335758638003629319972876
1952783.390831949588279371,34847.222499055980329169,54138109.45318802479585073287485232,2021-03-04 00:00:00,2670123.854024483689155993,48899.75321515101535835,150212962.6749594931567884144145057
1127066.73602338740913088,20773.42948983601703412,30848829.51893279199993148042156558,2021-03-05 00:00:00,2706561.908041991134368999,49834.738473410725454392,152472305.2704342481159815552884416
634135.702443454123917308,11417.226652542829392341,17992565.99194754954964715678656872,2021-03-06 00:00:00,3012533.84291429738631208,51767.38852186348677459,171083232.953559927051302868288259
1933099.390132289186386766,36335.340598766830450261,60601566.46128397565000470421187171,2021-03-07 00:00:00,2518247.813396379631132047,50011.793257568620790793,172997692.4189087104301492128630396
1588967.124274467100569024,30518.247598750661100466,52596000.68473542667181652561128947,2021-03-08 00:00:00,2725097.746078892164645726,49552.17115277247418138,181732009.8433358319614116210515554
597609.453661698409332988,10878.393995496884072836,19932964.88759872585285055270477279,2021-03-09 00:00:00,2711004.94603065726014618,47929.69466601944120498,179125586.3278727746981835726459627
562288.192578924829431936,9811.29989926656708734,17867370.40253005992573780729496024,2021-03-10 00:00:00,2770432.018091605763164417,47721.328561063416812584,171866731.8998500515808774373149927
745092.863398752961155017,12754.510697196766962182,22846417.15515245195963290399457495,2021-03-11 00:00:00,2777709.006205943548761133,47335.036692750225701325,172634032.2317363626653224983140726
370015.500679938515330335,6375.131407546139737387,11322274.73818103075231140004897043,2021-03-12 00:00:00,2742367.032220094121875045,47939.864458165204240836,169517099.695817789528509236543072
622799.381211369789889152,10984.963822680591546083,20090924.99718066721495369564393997,2021-03-13 00:00:00,2783625.460866498431676138,46859.745655524848587882,180814852.2165257698100725751970273
357515.974620381552467193,6111.556436912207255382,11526864.47059271647866946974221534,2021-03-14 00:00:00,2817239.212032779256313402,46545.391547218231662702,172763551.0881094610121091125847011
316307.108731096524100314,5317.516979260021930092,9558751.970139277989558204168058896,2021-03-15 00:00:00,2809513.025815433228943611,46669.727053476035921896,166792482.9369049360969352091479989
355693.115208698037657494,5822.628790000841393792,10326853.70116843337113687491378309,2021-03-16 00:00:00,2776518.318730909401420459,45930.174019653006492933,165068066.0685288454610976768710484
574934.488054012294796612,9828.388028035726942765,17616353.97130359881412262323753596,2021-03-17 00:00:00,2716684.718456544446106575,46805.141655082286585008,170699023.5975698539287981249683605
398979.108175094298355362,6719.696227604854808697,12150098.24000862039498040688274244,2021-03-18 00:00:00,2757850.456594589818301227,46750.491287043218820245,166355708.1478186328671859569331141
749508.025501100510801006,13355.651928800347013018,24185079.15995497613345625914663816,2021-03-19 00:00:00,2648901.004537757777404819,48472.046877950134951214,175244937.8372792657872218290798815
1732350.771609269993112352,31680.344070648885114736,57807672.09002164316153432992189797,2021-03-20 00:00:00,2693336.662769702978517181,47947.361586980583008857,173484496.4070717587131131679110095
303176.454422890226277921,5481.900805112495465319,9785537.358323935300603575827435342,2021-03-21 00:00:00,2669757.167804939699308765,49189.282593464081302428,175340422.9946463245009809260625841
1033571.005997071258343783,20034.98638301463443802,35115868.46666953064474838016434579,2021-03-22 00:00:00,2622697.695106006374928322,51230.244156417696718351,172474197.0209308988226978878449054
2344907.285837023681024916,46406.971206150170843157,79020743.80858197700412339421521677,2021-03-23 00:00:00,2829484.144354946794212942,52462.342388467557453741,174950191.7576704223931465264632441
1417154.023699745346197956,25136.419358846377569586,41297593.52294986858829650852082388,2021-03-24 00:00:00,3223439.564990913118787613,55576.078256821455049952,176144893.8196824968420409501363395
1007474.950918905471711691,17046.546877854202168298,27028172.21297332223308496454397762,2021-03-25 00:00:00,3351264.968204172784405142,56127.34210396660039851,178743382.2129239064372286353282914
526851.34381940453425253,8956.33024898025493752,14694537.47032171995247570737111702,2021-03-26 00:00:00,3108735.493049810821713326,52816.273119166320783132,179164415.7388713618544244803361432
263978.426869492972433028,4448.400707349160585609,7553238.261189077558645511196529542,2021-03-27 00:00:00,3212353.513512942036266684,53052.849176094400359157,182237462.903711154748519241561686
315963.203374804465640511,5223.29733797101669095,8863273.409110390184545334660375942,2021-03-28 00:00:00,3222406.512495978625287728,53026.311904242901812103,178789815.3867541629100372069220402
411847.080147373071553873,6730.873424589373537103,11696976.85682467908526030806924332,2021-03-29 00:00:00,3254048.932133658003814599,51959.389032437008322161,188513234.162051486668415552179145
561179.945921739969638313,8682.42364501041000246,15913472.04349988463582881223543562,2021-03-30 00:00:00,3209712.551926929790626534,49541.027758473228004927,181978454.0276063897878415018672318
411298.366462898173556684,6189.816136289276761577,11480235.12541167044133331857297717,2021-03-31 00:00:00,3296857.742256973676747268,48240.320094082091192482,185067821.7730687949341534324468556
943469.84780021004840626,14044.916709650809642153,27305302.13157546466518919458935393,2021-04-01 00:00:00,3322915.200918558368413972,48133.330589638080053884,189889369.7883918153808404792464393
802732.121490811185031821,11635.575836319377549878,23364212.55177278377848813789693614,2021-04-02 00:00:00,3395137.786013603649963243,47874.700659245269992713,204319270.6544429854451586849117372
743140.137879288955175528,11048.449691873204142924,23105763.80981553879342181791839966,2021-04-03 00:00:00,3306465.54750391874319847,48557.814981076809002726,195522707.5958414572210142186468496
386625.745546597980872248,5746.103034999457537343,11777115.84114370436186269085407283,2021-04-04 00:00:00,3363602.230012846162001324,50095.674550322083774314,207582978.7213912194059973610795579
336516.860043829113810866,4954.719594941427119511,10300090.4374753059500228955549072,2021-04-05 00:00:00,3403598.268677875428698039,49708.981692510299747637,208630983.8892771952819617759741868
420418.193617563587127884,6218.107013994875563327,13140424.75205486269197731808414844,2021-04-06 00:00:00,3391260.593688191145420128,50011.575846669829160923,211463205.5266081763277333979226303
511762.313009374096628192,7399.435349373924713534,15026757.08937393560191830872365358,2021-04-07 00:00:00,3419105.360932623003339707,49700.087400894379333147,195931860.8546438421863963861142842
296938.455858121777847858,4319.366426337360750604,8774148.574803185605127357678132959,2021-04-08 00:00:00,3404790.420637993953962313,49610.386268480246299225,206051155.1007088690921436071255241
210686.099954653894686842,3052.43951897202578151,6332825.418002856839739311186107625,2021-04-09 00:00:00,3428811.227573609652433663,49054.282346368011053368,202308915.1364569283876431231445963
280663.533465547548677638,3926.565191843270020219,8381329.941298170194449005093702568,2021-04-10 00:00:00,3472649.49934342830519312,48378.614007256217873335,206368661.7331653862097829602618735
319241.013661336685927099,4462.918369716441757006,9547301.60565898485108648613036147,2021-04-11 00:00:00,3458068.56932928058234141,48237.322587738607712919,206876178.5426484110433016811239894
3254566.340414956834139839,54366.498906395536904317,116055388.4711384033122320295787781,2021-04-12 00:00:00,3118547.447651338842198369,53612.80639577784442091,230038226.4997346517316393666450976
854903.668714346850398037,13625.017846221684735171,30198080.78722046023085764551612258,2021-04-13 00:00:00,3308607.278296554010294005,50954.673987138706211294,234084669.4930590232545695148495702
830465.842941049815610588,12498.126550871291786435,29362236.2660552465561119489060993,2021-04-14 00:00:00,3321988.410939931006058302,49453.187805625894518196,239588045.66363582618314399359524
826304.811276427236477394,12792.471993237776495196,31428481.50109689974203002307701445,2021-04-15 00:00:00,3267091.554750298057962455,49215.455390774420251732,247041852.264756871683791514681472
542096.523370023601436876,8127.379565129051268872,19827580.59308516592610318987373216,2021-04-16 00:00:00,3306075.781782714394849596,49568.23009380454461701,240585972.7662310894649862261991451
305128.309558875814381815,4563.724160064082628909,11112639.71734230025728572244618907,2021-04-17 00:00:00,3330953.569834546251210372,49750.176564705451333193,231120849.5824225804746888526446791
1064388.023095570792171045,15236.410596558912427101,32951531.45035128876485302829351343,2021-04-18 00:00:00,3411266.002242407947037156,48497.592749352176407578,216903320.0213838274853857577764502
539322.836252920889387388,7719.802769501664493564,17056855.14947585162364214183830598,2021-04-19 00:00:00,3362977.131537366757202672,48900.958550622050095821,211398243.8019700079047841655683836
1854977.888574819687775154,25536.055410589153428183,54535632.86935670048860723988224825,2021-04-20 00:00:00,3451061.930494757324791753,47419.638326567203355792,221065546.1521177606938834454120842
1033817.24180830039334703,14621.149009636738926459,34686605.81009188892051882164518883,2021-04-21 00:00:00,3420905.598622927260149157,48443.122872299393662561,229090496.0828014546510123789813435
1228112.262425959430014251,17986.825195355906423251,44385456.72575787594534673050625711,2021-04-22 00:00:00,3407257.689978675518841451,48441.743608839997465123,232749391.8835586051910080251619963
798162.402208260923646459,11311.244759496426806287,25560556.77583840485784457014457385,2021-04-23 00:00:00,3467301.566617054532344063,48059.775962189980551029,227011183.8010827366245683981681991
453602.446469484221557635,6283.575100537217678223,14129185.00652851243419971760746303,2021-04-24 00:00:00,3499558.101783657547765592,47678.828003305410649726,211011756.5467563961132181515012654
802693.354702086755502184,11575.045528205484398737,26375860.81570672870531766615768599,2021-04-25 00:00:00,3365769.315985158573108455,49686.50062557316676046,229497506.5006583914131088893369419
752412.810722403468982606,11006.598912315325412472,27163146.84618641336927549760015417,2021-04-26 00:00:00,3331710.706816490316705486,49936.27426425984248425,252816366.8387349386908613038060452
851200.774266462771858166,13093.010450803528945214,33464834.05590539120218183191347324,2021-04-27 00:00:00,3364437.380673110223790511,50196.833069910491136426,266743367.1024089811625423910646655
729910.2968753615581551,11193.807266367867452105,29938277.39940956670089280000352975,2021-04-28 00:00:00,3281686.528601463544184356,50955.407049646916203021,279604305.0727712932074122646084688
520905.929617158625796429,8011.311240106928197341,21936122.86283555997047907498480448,2021-04-29 00:00:00,3348464.314447786749381878,50076.97326776948059359,276172764.8218504429186157501849314
414535.258407209150345949,6065.74440998231693136,16701021.25096528653130298300401758,2021-04-30 00:00:00,3393691.0453074770334474,49535.984605035296489084,274554967.3827344231916439952321939
439967.245279402478306307,6118.596268527779562793,17594291.97872539981432322397597464,2021-05-01 00:00:00,3514875.404919901913682828,47892.295263058380235082,281841441.0744721636354188874544399
558359.724933201538995054,7924.33565965714323319,23221709.75636234974716613952581106,2021-05-02 00:00:00,3378721.421766571310056443,48570.177502114725250528,286289724.5236969975003583006956378
1135597.379202773662771655,15300.876621868131294844,48934182.51328982068377265707969998,2021-05-03 00:00:00,3535103.267268312497192581,43755.931328714967668141,299800649.5665987612338020254136036
1219574.681041224576118173,15370.416320444722275876,51785746.65933005892339795814973114,2021-05-04 00:00:00,3621732.085626709457984776,48258.524650503082633106,313193940.817466041292282471140697
1648938.671660150942997047,21158.462304120904772592,70765946.53099446769001590041824862,2021-05-05 00:00:00,3825807.025564961417428059,45985.831840797279433359,323473891.7290122601193801679180278
485854.354973012707495999,5786.393713877556265975,20135835.62251253102183019392980244,2021-05-06 00:00:00,3479158.991273570187602322,40129.760046803291209349,280541344.4967811085568247291277134
333423.664932194134183429,3833.735973026079707062,13315213.85810015039544069474729163,2021-05-07 00:00:00,3413326.654724340907618516,38828.391671091508517728,270342048.1159020474851024814749749
317505.426534746779424151,3462.83865850644198868,12814445.69986706879201576270221659,2021-05-08 00:00:00,3398498.593067392304229957,35321.460266859350533525,275937775.2728905204104766016235855
494864.488147480067299569,5049.551342341870759234,19725914.71448811438325792946265376,2021-05-09 00:00:00,3143168.157627379838032283,31673.859043313197142707,248363564.8930635771303336679247353
643185.723604335206558878,6083.638476435873365536,24443651.69682083475757915541805892,2021-05-10 00:00:00,3255382.189627054997497343,30040.350340490338350004,237576818.1272202902493206052357971
328625.680036769623686902,3047.882640783575417285,12149836.27054822209452419763889686,2021-05-11 00:00:00,3180070.688079137025522517,29489.069274577224970327,245826429.4178229403122746538124155
960141.669774290621115506,9383.142140493516571394,39628622.20364612122068532409933077,2021-05-12 00:00:00,3095368.896427301702335643,29907.478865195976253688,225124680.0053169361787919009227306
1033149.675272793167900716,10354.757955867869666706,39082272.14086789617534583935233052,2021-05-13 00:00:00,2982570.448329829287093865,29828.912630562280237626,222038806.248867299003264808192267
176991.726406102679189234,1752.745156628064479309,6932530.689715583544890987183041172,2021-05-14 00:00:00,2974418.719929225370789883,29316.875713058461094361,239268921.1157221080474307883960815
415141.627658189742191869,4197.826988387716984502,16727736.94756191778868153554362579,2021-05-15 00:00:00,2937128.132776001347245418,29479.518834790339860768,214780994.5905565228936413830377931
453418.586000606267746715,4610.629613066470948641,16999317.85180530804939462462057681,2021-05-16 00:00:00,2889829.64451935596642973,29511.071908854567495528,211375378.2225862157728781119782271
376473.090280483878056261,3818.857157771176487355,12822142.39352771741279526768019846,2021-05-17 00:00:00,2875430.120579428839710244,29196.686009195686313735,191289077.9286281534092782471199499
340217.335346505702015667,3492.890374770661322283,11994466.70930474397092197409978713,2021-05-18 00:00:00,2932301.786373994193949276,30341.464273951593053512,205372491.0875153690465890345540434
3167262.852029248382659136,30725.748337135267093988,77886078.92227936021047958635782749,2021-05-19 00:00:00,3027390.487116131054971176,29032.233886602948134134,142458331.8696277260856631935581432
1190118.471380446698465532,11358.312324382742154486,29069111.42756851126677567594943965,2021-05-20 00:00:00,3032121.017301330895511565,28831.841282358295741962,159701968.4888404069479433118936067
1249848.328718695706628522,11408.995860166338067803,28466835.9090880049655048624429118,2021-05-21 00:00:00,3271378.45598038573336614,29421.319884366909429952,142790184.3988456124886338904854714
932971.691937847763657746,8216.326264085325798632,19121721.4081548441125086536305224,2021-05-22 00:00:00,3284953.328010800518784829,29125.802560293624882842,133914464.5834381616003546684617229
2868255.004744477152624418,22948.329023217116888312,45377954.14659311542788358810344422,2021-05-23 00:00:00,3371202.364822173935071182,26939.719939217996323422,113572604.9879359150118723665567162
1267132.064156483146032159,11022.03226359396379907,26209721.01892022805797694293042738,2021-05-24 00:00:00,3031040.618850798773083875,28370.758486932724715739,149753793.9861837434602626709976359
1048266.381225058862752177,9808.942076843071811893,25505123.05775542751010263468856037,2021-05-25 00:00:00,3035557.253388619326729752,28326.253624030319398508,153015632.9086619303984160325351605
671187.686531090149989272,6493.16223637418931996,18274699.52426983523954851444260713,2021-05-26 00:00:00,2872012.436970669903745252,29172.696513857511951616,167426043.2528334929628656744892572
586109.573845799882858438,6002.21099017028064786,16635152.06498073895937649316550737,2021-05-27 00:00:00,2805552.518262504629504323,29160.247013066876267189,160237801.3298065414780455219014975
640276.158081869295381916,6744.689931098076524414,17448377.7881908261380324584655599,2021-05-28 00:00:00,2738778.650031014277188986,29371.053920791916737605,142282612.0294873417071178586822088
463283.800844110262665586,4762.392555753926913156,11322410.9682280880104658542451326,2021-05-29 00:00:00,2807137.976915318537264674,28450.74572709204976988,129802562.4771363001103804817128842
462480.461197657331467442,4781.045484334469430033,11402531.18176055120916623275175644,2021-05-30 00:00:00,2712367.609383916205282978,29174.049988528786452795,139396717.6109395024689465660278127
538958.542065819466352383,5615.111131927148772188,14021885.69941451608963929057193729,2021-05-31 00:00:00,2571312.057702802359067621,26886.370613797840420804,145616757.1683330126285135671751406
622040.189239325966870095,6530.962874589481394186,16874408.50926969948972625710424191,2021-06-01 00:00:00,2564850.399353078197862616,26711.927207056267855244,140780435.6791106121476806733218393
422165.037660079802982791,4379.557306498946068934,11642354.55849681092938444503153866,2021-06-02 00:00:00,2579349.379422125815416129,26349.321592636247934559,142906329.6411134524444630899100348
222882.578225205485583933,2249.046233075869129197,6295766.444635747906119094872601784,2021-06-03 00:00:00,2415206.855333307294114999,24146.237107682611012197,137897720.944063545372405535720314
199895.709371401412664087,1975.688090937423725283,5305197.695685491002302916873890108,2021-06-04 00:00:00,2443939.255590259049666122,24072.478749276005384485,129630769.3094500124085569470901819
121634.583017983731637752,1191.306931715562155386,3192147.575320757638321577197793371,2021-06-05 00:00:00,2441069.946160731399469045,23858.617315005413806346,125197782.0742209005651302055400302
100066.60350639760754554,964.225757599841208847,2600656.780072103921536515277954927,2021-06-06 00:00:00,2464564.751228819984044335,23516.306401268708801787,127223649.5147253723710592256428965
166152.716109331419045875,1579.661268685868105388,4290498.5944086170574608733130858,2021-06-07 00:00:00,2486431.684817355406127614,23204.982814769196504236,119937263.9298123862990174397054189
172823.668970540638230141,1596.448315493234352152,3934099.285698403414550356787562798,2021-06-08 00:00:00,2480581.170791017786788875,23162.795943689974122111,116638367.3352845123413986724438747
237653.582663116009264896,2237.020758600621189273,5623858.992595687017612855525908225,2021-06-09 00:00:00,2349096.827736291415130252,22617.253875606564208306,117838666.0323463496412072689641167
81360.378316897936947347,778.552481869342946962,1968279.536638140307714806946898975,2021-06-10 00:00:00,2313506.214551034389325208,22033.06185735159005068,108862296.087694496057113035732953
174567.876519080561492061,1629.101006833351586237,3923023.018877729073711821374905476,2021-06-11 00:00:00,2338116.910744587092482729,21720.25197114663196123,102039873.6731442464302483695724812
171107.246636183820805183,1537.298302539269407132,3608829.177041584107530668520834833,2021-06-12 00:00:00,2380449.859703367276583691,21285.167218504525874446,101018323.8249253548004333983386907
179243.906300461468376773,1617.493903704231050236,3902116.725007826531445930241659764,2021-06-13 00:00:00,2336064.704716354924377716,21636.447186414481255468,108448480.0481061988236681527779517
96428.037420337257101545,892.307955805696066493,2265818.810570659319342784869495067,2021-06-14 00:00:00,2317605.199185285073637134,21622.634522897627822555,111395652.6515586226259308377327758
50233.273196098648189625,465.269611449683965136,1202451.079905895814682230553250981,2021-06-15 00:00:00,2325846.075261153383128079,21449.209133211525995752,109469162.6154588124233336580907203
93737.49275947271991498,857.107446781207582558,2114176.98836705876649200761067735,2021-06-16 00:00:00,2324780.513937418386437809,21395.32850588855965239,100798045.8788148687927039002799957
67874.591084500609175213,631.132524297725857599,1506215.096757691770507171272952352,2021-06-17 00:00:00,2302043.563267021175389692,21466.734760422373474698,101795202.9545065064042133060485974
125000.051880875508065489,1160.146213817596850198,2626559.965014695899999702901186119,2021-06-18 00:00:00,2321487.990243316854007069,21202.886389573858083627,94409275.61650021992747312537173943
43598.914761475904789991,400.306601894730596157,890060.372739311518023366391928395,2021-06-19 00:00:00,2299784.584341874995494906,21056.127343354998226658,91454529.51453439168058122786580638
153983.398022257985021242,1414.664423547420924552,3039115.805293660145716715790517798,2021-06-20 00:00:00,2285392.769069628130483232,21146.607141698351099747,94634368.34680439704967593503629486
236496.171198644502612157,2089.162713961619695672,4113163.741803437474017512344909245,2021-06-21 00:00:00,2384870.134629259922706955,20033.088374137174620766,75807580.25006166198210200410698179
579462.712856195812869485,4810.552511931894060655,8951465.533333038714565407823573198,2021-06-22 00:00:00,2316838.071351430109121315,20231.685884923575152397,75637701.08073617474043553353128772
206409.854148367181407646,1841.645734411594891258,3612408.318655147760377527011436536,2021-06-23 00:00:00,2277740.831457498510516677,20544.92576291810726335,80944784.36138752263426432203089373
153509.331323407792081369,1370.910168267604549306,2672348.222901937580112401258833783,2021-06-24 00:00:00,2270612.913184636564137233,20658.841198789733593826,82130518.08663067423861614490404834
189696.012065470609771009,1681.022392792499261871,3175256.356064756333364109673440396,2021-06-25 00:00:00,2309503.442901313562811598,20301.667205306625446485,73744034.96865884729466142396800686
282706.305709424179899024,2534.082136028139245182,4505734.63087754805603371746939572,2021-06-26 00:00:00,2299160.857929004574708173,20302.848823901714907437,74127722.39174750724958285165397556
76992.520558255821236529,672.951482200875588489,1252392.118700646210876702779387893,2021-06-27 00:00:00,2321393.792225240486753386,20005.066684583856127314,79075195.19239781404637190232775161
152094.019173202614656259,1301.100810952416563472,2688575.76341689274862949539721494,2021-06-28 00:00:00,2338258.026594212912248743,19832.238519334522747137,82429174.51460987050773324719441336
133577.237955492060905299,1145.572848445159143798,2488710.304037570977902682721639193,2021-06-29 00:00:00,2310849.850138968677846076,19808.753009922481137031,86085695.99358773896564652878065207
171774.737336415079796966,1435.30892078791030537,3155426.224472190242162910618017648,2021-06-30 00:00:00,2327334.968107360852115887,19635.984776666831519984,89295446.4797338874574768793712786
98116.264219690903242335,833.589216006031862688,1796654.82804052733460350044185581,2021-07-01 00:00:00,2323354.007507907965573233,19663.174907908669569183,83193816.4644128530144571726799088
90710.08753971624006106,766.340285360358634826,1594432.392194147304678863134018173,2021-07-02 00:00:00,2324877.215227833280699152,19635.501595298371231542,84366643.72615733377386848386655346
199434.032510502783644237,1710.316877040542223009,3757881.891552675865633719031723889,2021-07-03 00:00:00,2327515.802653115941052275,20304.798325207730378964,90369540.39421774235937475713845809
433611.477373664408978845,3868.208349931641195823,8985056.844033441215308064996020437,2021-07-04 00:00:00,2297262.308582173351427508,20578.308377098885533352,95805219.20683815843902614920909498
165323.255191946432944877,1476.178954831638043289,3317585.230055898236766343798139561,2021-07-05 00:00:00,2284364.02393165291142563,20833.825948829487291034,92527553.78275132384529783944340912
443380.340414094402556759,4251.256931927678340051,9693537.899674385596011422887099343,2021-07-06 00:00:00,2220828.574264142188113808,21400.993525726108377948,99360848.75801033477988698774677781
189703.110799105592315886,1831.408493656579114111,4334909.282386843307794447050941021,2021-07-07 00:00:00,2217022.742151219663020101,21368.320481745181939525,98984671.04042070905254145984812079
143800.188679465276642517,1369.505013418143133332,2988258.586084775186177839412902227,2021-07-08 00:00:00,2215524.684029728783160148,21304.21087556705567574,90322688.54008980698860073404376076
113233.9009518362346404,1103.55200395156327687,2338277.345139050728813383000285959,2021-07-09 00:00:00,2195278.51554922811930923,21495.64761653925524138,92562052.73760128150847074252863962
56629.360368300778052416,547.683773565343598561,1158031.31604909529372401575134476,2021-07-10 00:00:00,2214930.860799975319560184,21208.698682073029214883,89865421.70188311340374709153955327
58592.001400732053824107,563.11607476251942915,1200071.827211763033383586123956327,2021-07-11 00:00:00,2205899.526597789130605309,21248.717057635252605479,90991066.81005037293444131506757176
93248.63122745604084844,906.901835153523848743,1910232.697857137823697575407635153,2021-07-12 00:00:00,2202479.513123400262509807,21187.68289867347899735,86268969.3581816972190444302849716
110841.983889043154481713,1057.483067900085854615,2105685.775303967635403884559892618,2021-07-13 00:00:00,2164355.321859917532111688,20524.502444352520366588,79586353.97095524514463834753439422
205830.720377608566994457,1873.053441364564708063,3615855.083489349369926693371504029,2021-07-14 00:00:00,2226196.801890771902257002,19934.253061794693854272,79427542.03695646232578063904073747
186593.244422204653440841,1677.952983295089986233,3299149.183080359206727549985536515,2021-07-15 00:00:00,2232893.276472269890860382,19846.284573846477044588,75562147.35122416843425218072701731
126310.13179609769361595,1108.750849389813662378,2105315.984010550849829022920374346,2021-07-16 00:00:00,2255674.411868401186288818,19638.458104042400380911,73657794.98219717872739897012880762
207489.235898989820503125,1792.388617172176365964,3372819.976081504683675270839154042,2021-07-17 00:00:00,2280910.102060922428863103,19396.955408761765203419,73510538.01678568954254741047265406
108347.7867717170585369,925.882450658346545419,1806172.146577667495873148466508997,2021-07-18 00:00:00,2289264.341266373053258481,19740.948852897626675669,74914456.41648784002190733152655194
206431.786469955143565811,1779.56616865553527662,3301369.633028128301921694386920301,2021-07-19 00:00:00,2283928.595572796118020065,19757.232602054359530338,72005342.57837799749397367246829421
186838.486909162604650867,1570.049399558642498476,2768529.120403382219399626099035945,2021-07-20 00:00:00,2347106.312446542903255931,19197.284751966032105237,68545962.82541740044074093787469414
217952.74528195596336939,1800.08759736605739868,3357266.724759240465909313971475146,2021-07-21 00:00:00,2317450.091425193435320645,19387.656488757324362318,77109059.14368367258718751208096871
139368.577194985666762847,1176.600346951131644677,2360481.114183386286679959162595827,2021-07-22 00:00:00,2275097.738985790881850185,19710.363464166775896838,79673132.48513548784142164096282447
151887.902666306171486863,1304.858012085109310435,2686090.677734826427187909762282267,2021-07-23 00:00:00,2239337.142064783169788109,19623.801171374434624197,83295015.49781723365080763594100426
116326.20516510090234939,997.130283061321425925,2146597.155307592404443401618805348,2021-07-24 00:00:00,2287203.826085243542559128,19152.25706374135526736,83586854.2253206874435436747617809
109729.835143734968776532,910.564353922259469802,1963677.07308110461622358941630539,2021-07-25 00:00:00,2294606.890405857972626046,19078.020325250996466927,83577228.87851412557962105442324708
223784.880366889347498951,1878.950994304993068191,4341125.1713774721128216349340342,2021-07-26 00:00:00,2287718.145431111261097467,19057.012272157761579443,85422559.42246061586602419713943854
150365.752065283179673892,1245.299136842194675173,2771101.135216427532856740544694688,2021-07-27 00:00:00,2306123.703607562027844619,18901.243118632913217168,86206837.68322306658183145698730951
115785.076127464126523564,959.587408631250509698,2203645.012842520836076961563659296,2021-07-28 00:00:00,2293474.017052131025833691,18935.365875562790134305,86998375.18392494273395318116097872
157018.176179687419511577,1304.990066629350746967,3015254.735934500023064380288218536,2021-07-29 00:00:00,2292235.865112309789415445,18868.223607020859910396,90302860.10179706116051770062069843
170887.151713328655300946,1443.935297014064406518,3464904.587590002114375863090205567,2021-07-30 00:00:00,2267019.981525136354051463,19324.473698835577907415,95485883.67602837090145595913916713
121139.557918552582696258,1043.556085921638417663,2568650.996655940686341480425503096,2021-07-31 00:00:00,2240103.649567822826257553,19296.858299371589339246,98388070.65767023402204648705375801
166892.435608427685593829,1438.539651272701336365,3731118.507736925211670645547419942,2021-08-01 00:00:00,2266270.946853099113306129,19467.050015536868907411,99874704.82312339314638035372603963
107624.036880425436275935,922.766847658100862677,2393024.696041287822322066427786341,2021-08-02 00:00:00,2261876.32394839567405295,19452.312252137667280161,101915350.3437581500521337898105061
157476.815612935530767585,1339.915966014039052997,3385095.909313970991500485427468238,2021-08-03 00:00:00,2276498.396775065566268916,19371.134924339082812828,97444689.2442280937170951705077868
147141.522339497937771395,1257.996270273712958336,3282345.236454845264181674271924136,2021-08-04 00:00:00,2206729.418533021285560551,19019.860422781317090749,103666616.8995975311581541591087326
129737.062941434048106492,1134.914387121236904558,3124367.948704719203199737175663592,2021-08-05 00:00:00,2137252.514701001975846564,19181.708851271512438593,108378095.2761588411115198504686942
126022.491632933268928149,1140.162322311157101097,3244368.330773568946926707451037782,2021-08-06 00:00:00,2126032.113608228902661945,19279.555703357868812102,111239104.1663908092538364806654182
151578.872262067700647013,1375.308161884174601638,4182265.022883244702204588407284421,2021-08-07 00:00:00,2135093.091675729323775062,19113.621089203317602873,120111576.7844656823717739472433728
97068.340509085984411163,864.740427281312603909,2661712.950979817260603152163499033,2021-08-08 00:00:00,2145861.07892389636315567,18967.892306643667155046,114319716.5191698277051768859787381
161894.413474772011640598,1446.788616632114183124,4396249.789261346254009916924463432,2021-08-09 00:00:00,2071119.556003124718339699,18618.816485574090177609,117390198.3150112939090077990663207
208866.396341907815319445,1938.066713273711453326,6089418.117839693500011916613122526,2021-08-10 00:00:00,2045208.683032732024277373,18783.413966062789996824,118003201.7052145030360197795010472
115215.002019472765539285,1066.607216274911045581,3423916.11091687124565427274544934,2021-08-11 00:00:00,2049754.033213761309775949,18733.521690935512779593,118838715.4898006533673719458706559
92794.532141637383993554,846.332193674459077666,2633621.276187286108795162786703967,2021-08-12 00:00:00,2043178.86332194603975512,18786.112935556379203192,114272343.1471589587650203552101669
171647.159248133740174426,1578.559450768618153319,5073067.757169558284743667871643614,2021-08-13 00:00:00,2041497.138361602230113959,18758.471602942650332766,124437526.9480032189949635713619011
125229.207634063584800432,1139.996989881941966453,3718895.977373520235281085932280629,2021-08-14 00:00:00,2033307.745201364461502585,18770.415079566599685239,122711116.5686276872468248926254877
74075.893378307909062272,677.06759419680860265,2171372.929261682030940374124447027,2021-08-15 00:00:00,2044656.489218067834393734,18646.712620229742323883,123312458.30669265622176567776375
158964.315429285619692909,1480.121435552117047295,4806879.387280288727759509650177218,2021-08-16 00:00:00,2031696.769524104619459363,18751.873347399711344592,118189050.3339126201309817127744068
828300.869094614846688268,7326.509186166784119193,22383480.79443303764712101610093852,2021-08-17 00:00:00,2089947.951834778512197855,18236.874580991135958237,109866299.4377663338961017199021396
553069.808680696873617649,4773.635300015485144728,14409260.60575563512407429173068466,2021-08-18 00:00:00,2090062.291434420770015522,18254.517372276070754715,110370271.5845600339024344084847155
347433.642421942076573512,2975.800233239772585141,8945010.123586533611376331973586715,2021-08-19 00:00:00,2080096.80003903757600762,18310.30255921305652031,115959005.2896269646139171573655924
91171.330743831140353139,795.78994468592861511,2566384.683154887631366605308021151,2021-08-20 00:00:00,2055235.930393411626556684,18019.64649021869881727,118055776.4298186844782199775056408
115104.632094614849496948,1021.863648876432675214,3345747.628491679196568045944642703,2021-08-21 00:00:00,2036127.556291374496196568,17863.966082920559194472,115674472.3416076299218685588752751
92416.554762586162251042,814.022854439964808443,2622922.242224800068488813217854993,2021-08-22 00:00:00,2037746.470631193905085722,17838.833713076773413562,115712562.9645859819097142035563898
74651.134614156321584188,653.588555237576789213,2169205.884450465050486393785061255,2021-08-23 00:00:00,1974234.343030200592102187,17091.772571243477836133,113633399.1535667979669075525729106
117647.92829051243804443,1012.039859245810520241,3327357.461828561442798227810436053,2021-08-24 00:00:00,2001728.869682626971497426,16846.487742861068072407,106994644.548382889380746011290847
96719.195902236482880619,812.019761599840305567,2577430.146719041060660955530164217,2021-08-25 00:00:00,2004392.253800440035097836,16809.03774824590053663,108278029.8979214811419999340515067
130260.563808566632705058,1082.942969131307724186,3390659.328747109416770449092815165,2021-08-26 00:00:00,1993640.666673298633476195,16498.336406885404651828,102370625.7596194643896361996245766
102627.704527546227582668,853.92362420286218067,2676768.688305881394508253123171088,2021-08-27 00:00:00,1983170.049447507939799043,16570.485041914725039195,108409151.034707977892568115431998
50977.987276144057081125,424.501452543329762197,1375385.483567959404186843874617117,2021-08-28 00:00:00,1992409.267622395824099199,16488.953346959221693013,106848367.9930078121831940436420671
60297.879106386753120715,502.021871394616433873,1619391.725206885934558379512074497,2021-08-29 00:00:00,1988693.401622033719055196,16504.948550710430485235,107019204.5440518091149493646864147
121796.450815742600232622,1007.41028105744221241,3287034.488579823648737101147206208,2021-08-30 00:00:00,1989978.753253965555332805,16489.996804128677494843,106321429.4867624344821719586879749
216587.343843723188041636,1830.14065050206433207,6139229.532812033335109844127262859,2021-08-31 00:00:00,1949632.391799240706614159,16717.80288929271266877,114659921.8158473428640419689958141
173110.168959491112165657,1479.732646233077112924,5174051.735878692029732460107489254,2021-09-01 00:00:00,1962454.230658180729840445,16534.867737330759737773,117055193.2074127450031286391541644
